timestamp,ma_short,ma_long,rsi,signal
2025-01-01 00:00:00,1.7588000000000001,1.75105,39.473684210526294,HOLD
2025-01-01 01:00:00,1.7588000000000001,1.75105,39.473684210526294,HOLD
2025-01-01 02:00:00,1.7588000000000001,1.75105,39.473684210526294,HOLD
2025-01-01 03:00:00,1.7588000000000001,1.75105,39.473684210526294,HOLD
2025-01-01 04:00:00,1.7588000000000001,1.75105,39.473684210526294,HOLD
2025-01-01 05:00:00,1.7566,1.75105,39.473684210526294,HOLD
2025-01-01 06:00:00,1.7558,1.75105,39.473684210526294,HOLD
2025-01-01 07:00:00,1.7536,1.75105,39.473684210526294,HOLD
2025-01-01 08:00:00,1.7466000000000002,1.75105,39.473684210526294,HOLD
2025-01-01 09:00:00,1.7384,1.75105,39.473684210526294,HOLD
2025-01-01 10:00:00,1.7326000000000001,1.75105,39.473684210526294,HOLD
2025-01-01 11:00:00,1.7294,1.75105,39.473684210526294,HOLD
2025-01-01 12:00:00,1.7288000000000001,1.75105,39.473684210526294,HOLD
2025-01-01 13:00:00,1.7304,1.75105,39.473684210526294,HOLD
2025-01-01 14:00:00,1.7338,1.75105,39.473684210526294,HOLD
2025-01-01 15:00:00,1.7426000000000001,1.75105,55.30303030303031,HOLD
2025-01-01 16:00:00,1.7472,1.75105,48.14814814814811,HOLD
2025-01-01 17:00:00,1.7521999999999998,1.75105,54.362416107382515,HOLD
2025-01-01 18:00:00,1.7632,1.75105,57.5,HOLD
2025-01-01 19:00:00,1.7731999999999999,1.75105,62.25165562913912,BUY
2025-01-01 20:00:00,1.7803999999999998,1.75305,66.66666666666666,BUY
2025-01-01 21:00:00,1.7993999999999999,1.75795,74.16267942583731,BUY
2025-01-01 22:00:00,1.8096,1.7610499999999998,73.45971563981041,BUY
2025-01-01 23:00:00,1.8136000000000003,1.76345,68.88888888888887,BUY
2025-01-02 00:00:00,1.8220000000000003,1.7668500000000003,71.7741935483871,BUY
2025-01-02 01:00:00,1.8232,1.7696999999999998,64.61538461538461,BUY
2025-01-02 02:00:00,1.8170000000000002,1.7732500000000002,64.20233463035018,BUY
2025-01-02 03:00:00,1.8146,1.7762999999999998,65.73705179282867,BUY
2025-01-02 04:00:00,1.8214000000000001,1.7821500000000001,68.61313868613138,BUY
2025-01-02 05:00:00,1.8224,1.7878500000000002,63.745019920318704,BUY
2025-01-02 06:00:00,1.8258000000000003,1.793,64.0,BUY
2025-01-02 07:00:00,1.8302,1.79845,64.0,BUY
2025-01-02 08:00:00,1.8366,1.8032499999999998,61.86440677966102,BUY
2025-01-02 09:00:00,1.845,1.8108,67.15328467153282,BUY
2025-01-02 10:00:00,1.8548000000000002,1.8181,65.64885496183203,BUY
2025-01-02 11:00:00,1.8618,1.8228000000000002,52.10084033613446,BUY
2025-01-02 12:00:00,1.8738,1.8300999999999998,65.73705179282871,BUY
2025-01-02 13:00:00,1.8850000000000002,1.83645,69.32773109243696,BUY
2025-01-02 14:00:00,1.895,1.84375,70.56451612903226,BUY
2025-01-02 15:00:00,1.8986,1.8494499999999998,68.35937499999999,BUY
2025-01-02 16:00:00,1.9137999999999997,1.85615,70.96774193548387,BUY
2025-01-02 17:00:00,1.9146,1.8588999999999998,65.78073089700996,BUY
2025-01-02 18:00:00,1.916,1.86305,61.99261992619926,BUY
2025-01-02 19:00:00,1.9082000000000001,1.8674,60.43165467625901,BUY
2025-01-02 20:00:00,1.9082000000000001,1.871,63.89891696750903,BUY
2025-01-02 21:00:00,1.8974,1.8747,57.29537366548042,BUY
2025-01-02 22:00:00,1.8902,1.8771999999999998,54.6075085324232,BUY
2025-01-02 23:00:00,1.8858000000000001,1.8808500000000001,50.187265917603014,BUY
2025-01-03 00:00:00,1.8808,1.8822499999999998,47.142857142857174,SELL
2025-01-03 01:00:00,1.8724,1.8835000000000002,50.0,SELL
2025-01-03 02:00:00,1.8656000000000001,1.8846500000000002,38.72340425531915,SELL
2025-01-03 03:00:00,1.862,1.88515,40.0,SELL
2025-01-03 04:00:00,1.8530000000000002,1.8849500000000003,28.037383177570078,SELL
2025-01-03 05:00:00,1.8466,1.88265,32.258064516129025,SELL
2025-01-03 06:00:00,1.8402,1.8798499999999998,16.24999999999993,SELL
2025-01-03 07:00:00,1.8348,1.8779,19.117647058823422,SELL
2025-01-03 08:00:00,1.8310000000000002,1.8744500000000002,25.17006802721086,SELL
2025-01-03 09:00:00,1.834,1.8721999999999999,37.17948717948715,SELL
2025-01-03 10:00:00,1.8396000000000001,1.8688000000000002,37.97468354430385,SELL
2025-01-03 11:00:00,1.8573999999999997,1.8695500000000003,59.16230366492152,SELL
2025-01-03 12:00:00,1.8736000000000002,1.86785,58.54922279792744,BUY
2025-01-03 13:00:00,1.8874000000000002,1.86765,55.0,BUY
2025-01-03 14:00:00,1.9048000000000003,1.8694,67.64705882352938,BUY
2025-01-03 15:00:00,1.9232,1.87255,72.64150943396223,BUY
2025-01-03 16:00:00,1.9326,1.8756499999999998,77.88461538461536,BUY
2025-01-03 17:00:00,1.9424,1.8791,72.93577981651379,BUY
2025-01-03 18:00:00,1.956,1.8841,79.37219730941703,BUY
2025-01-03 19:00:00,1.9632,1.88875,80.7017543859649,BUY
2025-01-03 20:00:00,1.9686,1.8945,84.14096916299559,BUY
2025-01-03 21:00:00,1.9724,1.9006500000000002,86.81818181818186,BUY
2025-01-03 22:00:00,1.9789999999999999,1.90745,86.19047619047622,BUY
2025-01-03 23:00:00,1.9872,1.9154,86.51162790697676,BUY
2025-01-04 00:00:00,1.9942,1.9240499999999998,85.8536585365854,BUY
2025-01-04 01:00:00,1.9956,1.9317499999999999,71.09826589595374,BUY
2025-01-04 02:00:00,1.9966000000000002,1.93975,76.87500000000004,BUY
2025-01-04 03:00:00,1.998,1.9482499999999998,77.77777777777777,BUY
2025-01-04 04:00:00,1.9940000000000002,1.9561499999999998,70.16129032258061,BUY
2025-01-04 05:00:00,1.9899999999999998,1.9630500000000002,66.05504587155964,BUY
2025-01-04 06:00:00,1.9928000000000001,1.9700499999999999,67.54385964912277,BUY
2025-01-04 07:00:00,1.9975999999999998,1.9747999999999997,77.98165137614664,BUY
2025-01-04 08:00:00,1.9954,1.9787000000000003,54.471544715447095,BUY
2025-01-04 09:00:00,1.9962,1.9833500000000002,56.9230769230769,BUY
2025-01-04 10:00:00,1.9984000000000002,1.98645,57.25190839694644,BUY
2025-01-04 11:00:00,2.0054000000000003,1.9906,66.66666666666663,BUY
2025-01-04 12:00:00,2.0182,1.9962,72.54901960784309,BUY
2025-01-04 13:00:00,2.0392,2.0029,70.05347593582884,BUY
2025-01-04 14:00:00,2.054,2.00785,64.03940886699505,BUY
2025-01-04 15:00:00,2.0602000000000005,2.0107,59.90783410138246,BUY
2025-01-04 16:00:00,2.0576,2.0128500000000003,58.55855855855851,BUY
2025-01-04 17:00:00,2.0482,2.0151499999999998,58.55855855855851,BUY
2025-01-04 18:00:00,2.0382,2.0177,59.91189427312777,BUY
2025-01-04 19:00:00,2.0338000000000003,2.0195,61.603375527426095,BUY
2025-01-04 20:00:00,2.0406,2.0223000000000004,62.85714285714286,BUY
2025-01-04 21:00:00,2.0482,2.0260000000000002,60.833333333333314,BUY
2025-01-04 22:00:00,2.0547999999999997,2.0297,69.5238095238094,BUY
2025-01-04 23:00:00,2.0598,2.03315,66.66666666666663,BUY
2025-01-05 00:00:00,2.0582000000000003,2.0355499999999997,58.49056603773581,BUY
2025-01-05 01:00:00,2.0494,2.03715,45.78947368421053,BUY
2025-01-05 02:00:00,2.0452,2.0391000000000004,40.46242774566479,BUY
2025-01-05 03:00:00,2.0416,2.0407,37.575757575757635,BUY
2025-01-05 04:00:00,2.0385999999999997,2.0439499999999997,42.281879194630854,SELL
2025-01-05 05:00:00,2.0378,2.04595,50.399999999999956,SELL
2025-01-05 06:00:00,2.0425999999999997,2.0482000000000005,58.01526717557261,SELL
2025-01-05 07:00:00,2.0426,2.0484,55.30303030303037,SELL
2025-01-05 08:00:00,2.0420000000000003,2.04665,52.3437499999999,SELL
2025-01-05 09:00:00,2.0402,2.0442,45.90163934426241,SELL
2025-01-05 10:00:00,2.0424,2.04305,39.999999999999915,SELL
2025-01-05 11:00:00,2.0408,2.04335,38.938053097345176,SELL
2025-01-05 12:00:00,2.0384,2.0436,36.97478991596648,SELL
2025-01-05 13:00:00,2.0372,2.0439,39.66942148760334,SELL
2025-01-05 14:00:00,2.0423999999999998,2.0452500000000002,59.523809523809575,SELL
2025-01-05 15:00:00,2.0423999999999998,2.0452,58.59374999999994,SELL
2025-01-05 16:00:00,2.0448,2.0444,53.50877192982456,BUY
2025-01-05 17:00:00,2.0506,2.0442,56.557377049180346,BUY
2025-01-05 18:00:00,2.0588,2.0449,61.31386861313874,BUY
2025-01-05 19:00:00,2.066,2.0468,71.62162162162168,BUY
2025-01-05 20:00:00,2.0736,2.0490500000000003,62.000000000000085,BUY
2025-01-05 21:00:00,2.0862000000000003,2.0536000000000003,70.05649717514132,BUY
2025-01-05 22:00:00,2.0991999999999997,2.0576999999999996,72.5806451612905,BUY
2025-01-05 23:00:00,2.1019999999999994,2.06,62.50000000000003,BUY
2025-01-06 00:00:00,2.0964,2.0612500000000002,55.506607929515425,BUY
2025-01-06 01:00:00,2.0987999999999998,2.0643000000000002,61.38211382113824,BUY
2025-01-06 02:00:00,2.0927999999999995,2.06615,60.6425702811245,BUY
2025-01-06 03:00:00,2.0812,2.0673500000000002,56.10687022900765,BUY
2025-01-06 04:00:00,2.0768,2.0687,51.27118644067802,BUY
2025-01-06 05:00:00,2.0798,2.0711500000000003,58.47457627118646,BUY
2025-01-06 06:00:00,2.0722,2.07175,51.162790697674374,BUY
2025-01-06 07:00:00,2.0664000000000002,2.07255,49.003984063745044,SELL
2025-01-06 08:00:00,2.061,2.073,42.799999999999976,SELL
2025-01-06 09:00:00,2.057,2.0736499999999998,39.40677966101697,SELL
2025-01-06 10:00:00,2.0474,2.0724,40.08620689655168,SELL
2025-01-06 11:00:00,2.0474,2.073,37.10407239819009,SELL
2025-01-06 12:00:00,2.043,2.0721,30.341880341880355,SELL
2025-01-06 13:00:00,2.0444000000000004,2.07145,39.906103286385076,SELL
2025-01-06 14:00:00,2.0467999999999997,2.0706499999999997,47.57281553398064,SELL
2025-01-06 15:00:00,2.0548,2.0696,45.454545454545396,SELL
2025-01-06 16:00:00,2.0584,2.0692,47.61904761904764,SELL
2025-01-06 17:00:00,2.0584,2.06515,42.056074766355074,SELL
2025-01-06 18:00:00,2.0547999999999997,2.0603499999999997,41.0138248847926,SELL
2025-01-06 19:00:00,2.0523999999999996,2.05825,41.552511415525146,SELL
2025-01-06 20:00:00,2.0406,2.05565,41.17647058823528,SELL
2025-01-06 21:00:00,2.0284,2.0516,40.80717488789232,SELL
2025-01-06 22:00:00,2.0248,2.04815,44.01913875598091,SELL
2025-01-06 23:00:00,2.0228,2.04575,42.92682926829274,SELL
2025-01-07 00:00:00,2.0141999999999998,2.0425999999999997,42.30769230769234,SELL
2025-01-07 01:00:00,2.0157999999999996,2.03965,42.58373205741627,SELL
2025-01-07 02:00:00,2.0116,2.03645,40.825688073394566,SELL
2025-01-07 03:00:00,2.008,2.03355,37.98076923076924,SELL
2025-01-07 04:00:00,2.0032,2.0313,33.50253807106604,SELL
2025-01-07 05:00:00,2.0004,2.0284500000000003,26.630434782608816,SELL
2025-01-07 06:00:00,1.9974000000000003,2.02715,34.1584158415842,SELL
2025-01-07 07:00:00,1.9998,2.02455,41.566265060241,SELL
2025-01-07 08:00:00,2.0036,2.0237000000000003,46.24277456647404,SELL
2025-01-07 09:00:00,2.0058,2.02165,37.19512195121952,SELL
2025-01-07 10:00:00,2.0092,2.01905,46.32352941176482,SELL
2025-01-07 11:00:00,2.0044,2.0145500000000003,41.17647058823545,SELL
2025-01-07 12:00:00,2.0038,2.0109000000000004,46.107784431137624,SELL
2025-01-07 13:00:00,2.0,2.0091,43.45238095238094,SELL
2025-01-07 14:00:00,1.9904,2.0055500000000004,37.823834196891205,SELL
2025-01-07 15:00:00,1.9672,1.99775,21.84873949579834,SELL
2025-01-07 16:00:00,1.9457999999999998,1.99085,23.963133640552982,SELL
2025-01-07 17:00:00,1.9183999999999997,1.9834,21.05263157894737,SELL
2025-01-07 18:00:00,1.8846,1.9740499999999996,18.250950570342226,SELL
2025-01-07 19:00:00,1.8543999999999996,1.96345,17.14285714285714,SELL
2025-01-07 20:00:00,1.8381999999999998,1.95375,12.121212121212125,SELL
2025-01-07 21:00:00,1.8194,1.94175,11.307420494699656,SELL
2025-01-07 22:00:00,1.8064,1.9320999999999997,12.237762237762212,SELL
2025-01-07 23:00:00,1.7944000000000002,1.9206499999999997,11.363636363636346,SELL
2025-01-08 00:00:00,1.7920000000000003,1.91065,18.01801801801794,SELL
2025-01-08 01:00:00,1.7856,1.9000499999999998,18.292682926829173,SELL
2025-01-08 02:00:00,1.7804000000000002,1.8875,13.554216867469862,SELL
2025-01-08 03:00:00,1.77,1.8746500000000001,13.274336283185832,SELL
2025-01-08 04:00:00,1.764,1.86075,14.51612903225805,SELL
2025-01-08 05:00:00,1.7513999999999998,1.8470499999999999,17.999999999999986,SELL
2025-01-08 06:00:00,1.7352,1.83155,16.544117647058812,SELL
2025-01-08 07:00:00,1.7296,1.8188,27.147766323024044,SELL
2025-01-08 08:00:00,1.7284,1.8058,33.712121212121204,SELL
2025-01-08 09:00:00,1.7252000000000003,1.7920499999999997,33.84030418250951,SELL
2025-01-08 10:00:00,1.7238,1.7803999999999998,33.587786259542014,SELL
2025-01-08 11:00:00,1.7292,1.7720500000000001,37.13080168776373,SELL
2025-01-08 12:00:00,1.7236,1.76325,30.32786885245902,SELL
2025-01-08 13:00:00,1.7166000000000001,1.75535,35.81395348837212,SELL
2025-01-08 14:00:00,1.7144000000000001,1.7495,28.125000000000085,SELL
2025-01-08 15:00:00,1.7084000000000004,1.7439,28.125000000000085,SELL
2025-01-08 16:00:00,1.6949999999999998,1.73625,25.714285714285765,SELL
2025-01-08 17:00:00,1.6810000000000003,1.72865,24.32432432432438,SELL
2025-01-08 18:00:00,1.6657999999999997,1.7202000000000002,25.1162790697675,SELL
2025-01-08 19:00:00,1.6506,1.7135500000000001,27.230046948356872,SELL
2025-01-08 20:00:00,1.6384,1.7055,32.22222222222227,SELL
2025-01-08 21:00:00,1.6336,1.6982500000000003,16.438356164383663,SELL
2025-01-08 22:00:00,1.6374,1.6928999999999998,21.290322580645295,SELL
2025-01-08 23:00:00,1.6413999999999997,1.68805,24.08759124087605,SELL
2025-01-09 00:00:00,1.6483999999999999,1.68465,32.02614379084967,SELL
2025-01-09 01:00:00,1.6564,1.6817499999999999,33.757961783439484,SELL
2025-01-09 02:00:00,1.6652,1.6807500000000002,40.71428571428572,SELL
2025-01-09 03:00:00,1.6662,1.6770500000000002,34.3949044585987,SELL
2025-01-09 04:00:00,1.6705999999999999,1.6736,38.690476190476204,SELL
2025-01-09 05:00:00,1.6692,1.6706499999999997,40.12345679012347,SELL
2025-01-09 06:00:00,1.6642,1.6668500000000002,46.762589928057594,SELL
2025-01-09 07:00:00,1.653,1.6617000000000002,45.77464788732402,SELL
2025-01-09 08:00:00,1.6507999999999998,1.65885,54.8780487804878,SELL
2025-01-09 09:00:00,1.6480000000000001,1.65645,56.97674418604652,SELL
2025-01-09 10:00:00,1.6461999999999999,1.6536000000000002,55.68181818181818,SELL
2025-01-09 11:00:00,1.6481999999999999,1.6518000000000002,56.906077348066326,SELL
2025-01-09 12:00:00,1.654,1.6514499999999999,49.411764705882355,BUY
2025-01-09 13:00:00,1.6416,1.6489999999999998,35.8974358974359,SELL
2025-01-09 14:00:00,1.6320000000000001,1.6480000000000001,37.75933609958509,SELL
2025-01-09 15:00:00,1.6346,1.6496,48.805460750853264,SELL
2025-01-09 16:00:00,1.6332,1.6504999999999999,45.72368421052632,SELL
2025-01-09 17:00:00,1.6244,1.64915,42.24924012158056,SELL
2025-01-09 18:00:00,1.6306,1.6473,41.17647058823532,SELL
2025-01-09 19:00:00,1.6239999999999999,1.6436499999999998,37.89173789173792,SELL
2025-01-09 20:00:00,1.6056000000000001,1.6389,39.117647058823536,SELL
2025-01-09 21:00:00,1.5902,1.63395,42.4920127795527,SELL
2025-01-09 22:00:00,1.588,1.62985,41.747572815534014,SELL
2025-01-09 23:00:00,1.5826,1.6263999999999998,38.486842105263186,SELL
2025-01-10 00:00:00,1.5876000000000001,1.6229,41.85303514377,SELL
2025-01-10 01:00:00,1.5964,1.6207,43.82716049382717,SELL
2025-01-10 02:00:00,1.6048000000000002,1.6191000000000002,44.65408805031447,SELL
2025-01-10 03:00:00,1.6123999999999998,1.6197,59.10780669144978,SELL
2025-01-10 04:00:00,1.6209999999999998,1.61895,54.285714285714256,BUY
2025-01-10 05:00:00,1.6321999999999999,1.61895,48.14814814814815,BUY
2025-01-10 06:00:00,1.6422,1.6197,54.02843601895736,BUY
2025-01-10 07:00:00,1.6552,1.6208500000000001,70.94972067039099,BUY
2025-01-10 08:00:00,1.6649999999999998,1.62245,69.59064327485373,BUY
2025-01-10 09:00:00,1.6756,1.62745,89.62962962962949,BUY
2025-01-10 10:00:00,1.6802,1.6309999999999998,89.62962962962949,BUY
2025-01-10 11:00:00,1.6789999999999998,1.6308,78.57142857142853,BUY
2025-01-10 12:00:00,1.6745999999999999,1.6312000000000002,73.52941176470577,BUY
2025-01-10 13:00:00,1.6602000000000001,1.6314,56.17977528089887,BUY
2025-01-10 14:00:00,1.6438,1.6307500000000001,50.0,BUY
2025-01-10 15:00:00,1.6294,1.63235,47.23926380368101,SELL
2025-01-10 16:00:00,1.6168,1.6336,45.02923976608191,SELL
2025-01-10 17:00:00,1.6149999999999998,1.6374,54.14634146341466,SELL
2025-01-10 18:00:00,1.6190000000000002,1.63915,49.775784753363254,SELL
2025-01-10 19:00:00,1.6260000000000001,1.6416,44.82758620689653,SELL
2025-01-10 20:00:00,1.627,1.6422,37.499999999999986,SELL
2025-01-10 21:00:00,1.6306,1.6421500000000002,34.46601941747578,SELL
2025-01-10 22:00:00,1.6258,1.6426500000000002,36.91588785046727,SELL
2025-01-10 23:00:00,1.6244,1.6421499999999998,35.81395348837209,SELL
2025-01-11 00:00:00,1.6219999999999999,1.6418500000000003,36.91588785046725,SELL
2025-01-11 01:00:00,1.6204,1.6392499999999999,36.91588785046725,SELL
2025-01-11 02:00:00,1.6187999999999998,1.6362999999999999,38.317757009345804,SELL
2025-01-11 03:00:00,1.6122,1.6319,45.30386740331493,SELL
2025-01-11 04:00:00,1.6067999999999998,1.6276,48.29545454545454,SELL
2025-01-11 05:00:00,1.6018000000000001,1.6234000000000002,47.39884393063579,SELL
2025-01-11 06:00:00,1.6004,1.6193000000000002,50.0,SELL
2025-01-11 07:00:00,1.5977999999999999,1.616,26.72413793103435,SELL
2025-01-11 08:00:00,1.5962,1.6123,28.97196261682234,SELL
2025-01-11 09:00:00,1.5964,1.6116500000000002,32.14285714285714,SELL
2025-01-11 10:00:00,1.5988,1.6121500000000002,49.03846153846153,SELL
2025-01-11 11:00:00,1.6030000000000002,1.6127000000000002,51.37614678899078,SELL
2025-01-11 12:00:00,1.605,1.61305,41.228070175438546,SELL
2025-01-11 13:00:00,1.607,1.6103,38.52459016393437,SELL
2025-01-11 14:00:00,1.6082,1.60895,41.40625000000006,SELL
2025-01-11 15:00:00,1.6044,1.6067500000000003,44.537815126050454,SELL
2025-01-11 16:00:00,1.6004,1.6060500000000002,46.341463414634084,SELL
2025-01-11 17:00:00,1.5962,1.60445,46.72131147540982,SELL
2025-01-11 18:00:00,1.5942,1.6024,45.378151260504225,SELL
2025-01-11 19:00:00,1.5888,1.60005,40.32258064516125,SELL
2025-01-11 20:00:00,1.5921999999999998,1.5993,53.50318471337576,SELL
2025-01-11 21:00:00,1.5972,1.6002500000000002,58.57988165680472,SELL
2025-01-11 22:00:00,1.5994,1.5996000000000001,52.94117647058822,SELL
2025-01-11 23:00:00,1.6006,1.5995,48.33333333333332,BUY
2025-01-12 00:00:00,1.6018000000000001,1.5988000000000002,41.37931034482756,BUY
2025-01-12 01:00:00,1.5972000000000002,1.59815,40.350877192982466,SELL
2025-01-12 02:00:00,1.59,1.59765,44.654088050314485,SELL
2025-01-12 03:00:00,1.588,1.5971499999999998,47.01986754966884,SELL
2025-01-12 04:00:00,1.5888,1.5976500000000002,47.368421052631575,SELL
2025-01-12 05:00:00,1.5892000000000002,1.597,47.05882352941173,SELL
2025-01-12 06:00:00,1.5864,1.59505,41.401273885350356,SELL
2025-01-12 07:00:00,1.5852,1.5932,49.3421052631579,SELL
2025-01-12 08:00:00,1.5808,1.5911000000000002,43.859649122807,SELL
2025-01-12 09:00:00,1.5746,1.58955,46.2962962962963,SELL
2025-01-12 10:00:00,1.5718,1.5879,35.07462686567166,SELL
2025-01-12 11:00:00,1.5732,1.58725,32.55813953488381,SELL
2025-01-12 12:00:00,1.5707999999999998,1.5858,38.532110091743206,SELL
2025-01-12 13:00:00,1.5746,1.5856999999999999,46.55172413793105,SELL
2025-01-12 14:00:00,1.5788,1.5857,51.37614678899086,SELL
2025-01-12 15:00:00,1.5852,1.587,56.19834710743796,SELL
2025-01-12 16:00:00,1.5876000000000001,1.5860999999999998,51.162790697674374,BUY
2025-01-12 17:00:00,1.5916000000000001,1.5844,51.968503937007924,BUY
2025-01-12 18:00:00,1.592,1.58385,45.96774193548386,BUY
2025-01-12 19:00:00,1.5905999999999998,1.5832000000000002,47.5,BUY
2025-01-12 20:00:00,1.5854,1.5829,51.351351351351305,BUY
2025-01-12 21:00:00,1.579,1.58155,40.17094017094012,SELL
2025-01-12 22:00:00,1.5697999999999999,1.5793500000000003,41.59292035398232,SELL
2025-01-12 23:00:00,1.5648,1.57805,48.43749999999999,SELL
2025-01-13 00:00:00,1.568,1.578,57.69230769230771,SELL
2025-01-13 01:00:00,1.5654,1.57695,45.19774011299437,SELL
2025-01-13 02:00:00,1.5597999999999999,1.5749,40.20100502512559,SELL
2025-01-13 03:00:00,1.5548,1.57175,34.17085427135673,SELL
2025-01-13 04:00:00,1.5514,1.5707,40.454545454545446,SELL
2025-01-13 05:00:00,1.5372,1.56865,32.28699551569508,SELL
2025-01-13 06:00:00,1.5259999999999998,1.5655,31.44104803493451,SELL
2025-01-13 07:00:00,1.5231999999999999,1.5624,34.72803347280332,SELL
2025-01-13 08:00:00,1.5188000000000001,1.55875,32.80632411067194,SELL
2025-01-13 09:00:00,1.5074,1.5539,32.17054263565893,SELL
2025-01-13 10:00:00,1.4944,1.54755,29.225352112676063,SELL
2025-01-13 11:00:00,1.4766000000000001,1.5383499999999999,26.94805194805194,SELL
2025-01-13 12:00:00,1.4598,1.53045,32.03883495145631,SELL
2025-01-13 13:00:00,1.4504,1.52345,32.47588424437299,SELL
2025-01-13 14:00:00,1.4468,1.5176,28.571428571428584,SELL
2025-01-13 15:00:00,1.4554,1.51375,39.52702702702702,SELL
2025-01-13 16:00:00,1.4718,1.5099500000000001,43.984962406015036,SELL
2025-01-13 17:00:00,1.49,1.5082,50.89605734767027,SELL
2025-01-13 18:00:00,1.5058,1.50745,47.509578544061284,SELL
2025-01-13 19:00:00,1.5253999999999999,1.50775,57.76173285198555,BUY
2025-01-13 20:00:00,1.5508,1.50945,68.73065015479877,BUY
2025-01-13 21:00:00,1.576,1.5126,67.19745222929939,BUY
2025-01-13 22:00:00,1.5948,1.51695,70.09966777408637,BUY
2025-01-13 23:00:00,1.6132000000000002,1.5220500000000001,73.28767123287669,BUY
2025-01-14 00:00:00,1.6225999999999998,1.52555,78.3882783882784,BUY
2025-01-14 01:00:00,1.6224,1.5307499999999998,92.30769230769234,BUY
2025-01-14 02:00:00,1.6245999999999998,1.53725,92.11618257261414,BUY
2025-01-14 03:00:00,1.6271999999999998,1.5429499999999998,89.5196506550219,BUY
2025-01-14 04:00:00,1.6350000000000002,1.5511,90.04149377593367,BUY
2025-01-14 05:00:00,1.6393999999999997,1.55855,78.63247863247867,BUY
2025-01-14 06:00:00,1.6427999999999998,1.56785,79.75206611570256,BUY
2025-01-14 07:00:00,1.642,1.5786000000000002,73.68421052631581,BUY
2025-01-14 08:00:00,1.6440000000000001,1.589,74.1379310344828,BUY
2025-01-14 09:00:00,1.6461999999999999,1.60005,73.45132743362836,BUY
2025-01-14 10:00:00,1.6506,1.6095,58.10055865921786,BUY
2025-01-14 11:00:00,1.6507999999999998,1.6167000000000002,55.02645502645501,BUY
2025-01-14 12:00:00,1.6514,1.6235,54.45026178010468,BUY
2025-01-14 13:00:00,1.656,1.6305,59.90783410138248,BUY
2025-01-14 14:00:00,1.6555999999999997,1.6375,63.380281690140826,BUY
2025-01-14 15:00:00,1.6602000000000001,1.6431999999999998,62.67942583732059,BUY
2025-01-14 16:00:00,1.6745999999999999,1.6476499999999998,66.94915254237289,BUY
2025-01-14 17:00:00,1.7018,1.6549500000000001,74.47552447552444,BUY
2025-01-14 18:00:00,1.725,1.6630499999999997,72.55639097744358,BUY
2025-01-14 19:00:00,1.7474,1.67105,80.49792531120329,BUY
2025-01-14 20:00:00,1.7794,1.6824000000000001,83.79310344827583,BUY
2025-01-14 21:00:00,1.8115999999999999,1.69495,88.64353312302839,BUY
2025-01-14 22:00:00,1.8292000000000002,1.7061,83.43558282208588,BUY
2025-01-14 23:00:00,1.8417999999999999,1.7167000000000001,77.56410256410254,BUY
2025-01-15 00:00:00,1.8486,1.7244500000000003,74.46153846153847,BUY
2025-01-15 01:00:00,1.8456,1.7339499999999997,77.95031055900623,BUY
2025-01-15 02:00:00,1.8316,1.74215,76.06060606060603,BUY
2025-01-15 03:00:00,1.8252,1.7519000000000002,75.38940809968844,BUY
2025-01-15 04:00:00,1.8186,1.76035,71.17117117117117,BUY
2025-01-15 05:00:00,1.8178,1.76735,70.37037037037035,BUY
2025-01-15 06:00:00,1.8131999999999997,1.7746,64.30976430976429,BUY
2025-01-15 07:00:00,1.815,1.7831999999999997,58.75486381322959,BUY
2025-01-15 08:00:00,1.8137999999999999,1.7924999999999998,58.10276679841895,BUY
2025-01-15 09:00:00,1.8096,1.79875,51.40845070422536,BUY
2025-01-15 10:00:00,1.8093999999999997,1.8058,44.12955465587047,BUY
2025-01-15 11:00:00,1.8094000000000001,1.8119,32.56880733944955,SELL
2025-01-15 12:00:00,1.8056,1.8159500000000002,34.80392156862747,SELL
2025-01-15 13:00:00,1.8135999999999999,1.8204500000000003,53.57142857142857,SELL
2025-01-15 14:00:00,1.8374,1.8268499999999999,67.15867158671584,BUY
2025-01-15 15:00:00,1.8529999999999998,1.8321999999999998,61.34751773049641,BUY
2025-01-15 16:00:00,1.889,1.8392999999999997,74.30167597765363,BUY
2025-01-15 17:00:00,1.9243999999999999,1.8441500000000002,71.30434782608694,BUY
2025-01-15 18:00:00,1.9548,1.8518500000000002,77.65667574931877,BUY
2025-01-15 19:00:00,1.9747999999999997,1.8600999999999999,76.54986522911041,BUY
2025-01-15 20:00:00,1.9975999999999998,1.86945,77.38419618528604,BUY
2025-01-15 21:00:00,2.0076,1.8798000000000001,78.2152230971128,BUY
2025-01-15 22:00:00,2.0225999999999997,1.8919000000000001,78.93401015228422,BUY
2025-01-15 23:00:00,2.0358,1.9044999999999999,86.98979591836728,BUY
2025-01-16 00:00:00,2.0402,1.9155000000000002,76.19047619047615,BUY
2025-01-16 01:00:00,2.063,1.9307499999999997,81.6901408450704,BUY
2025-01-16 02:00:00,2.0736,1.9449,77.33333333333331,BUY
2025-01-16 03:00:00,2.0764000000000005,1.9572500000000002,70.95435684647302,BUY
2025-01-16 04:00:00,2.0631999999999997,1.9668500000000002,60.824742268041255,BUY
2025-01-16 05:00:00,2.0612,1.9784,63.983050847457626,BUY
2025-01-16 06:00:00,2.043,1.98915,55.72916666666667,BUY
2025-01-16 07:00:00,2.0306,2.0002000000000004,56.31578947368421,BUY
2025-01-16 08:00:00,2.0198,2.0107999999999997,49.435028248587564,BUY
2025-01-16 09:00:00,2.0202,2.0185,50.98591549295776,BUY
2025-01-16 10:00:00,2.0268,2.02575,56.58914728682173,BUY
2025-01-16 11:00:00,2.037,2.0351500000000002,55.90551181102363,BUY
2025-01-16 12:00:00,2.0418,2.0384,49.61832061068701,BUY
2025-01-16 13:00:00,2.0428,2.0404,41.772151898734165,BUY
2025-01-16 14:00:00,2.036,2.0388,43.53562005277044,SELL
2025-01-16 15:00:00,2.0238,2.038,29.605263157894697,SELL
2025-01-16 16:00:00,2.0082,2.0378,34.532374100719395,SELL
2025-01-16 17:00:00,1.9975999999999998,2.0359,36.641221374045784,SELL
2025-01-16 18:00:00,1.991,2.0324999999999998,42.857142857142826,SELL
2025-01-16 19:00:00,1.9942,2.0284,45.064377682403496,SELL
2025-01-16 20:00:00,1.9952,2.02675,43.85964912280699,SELL
2025-01-16 21:00:00,1.9896,2.01945,39.682539682539655,SELL
2025-01-16 22:00:00,1.9822,2.01305,39.52569169960469,SELL
2025-01-16 23:00:00,1.9788000000000001,2.0080999999999998,40.0,SELL
2025-01-17 00:00:00,1.9762,2.0066499999999996,35.44303797468348,SELL
2025-01-17 01:00:00,1.982,2.0069500000000002,40.23437500000003,SELL
2025-01-17 02:00:00,1.9891999999999999,2.006,41.86991869918698,SELL
2025-01-17 03:00:00,1.9966000000000002,2.00455,45.37444933920706,SELL
2025-01-17 04:00:00,2.0066,2.0048000000000004,57.67441860465116,BUY
2025-01-17 05:00:00,2.0096,2.004,51.59817351598171,BUY
2025-01-17 06:00:00,2.0061999999999998,2.0018000000000002,52.4663677130045,BUY
2025-01-17 07:00:00,2.0060000000000002,1.9982499999999999,52.702702702702695,BUY
2025-01-17 08:00:00,2.0132,1.9974,60.25641025641025,BUY
2025-01-17 09:00:00,2.0124000000000004,1.9971999999999999,52.74261603375524,BUY
2025-01-17 10:00:00,2.0152,1.9988,53.33333333333332,BUY
2025-01-17 11:00:00,2.0176000000000003,2.0002500000000003,61.53846153846155,BUY
2025-01-17 12:00:00,2.0178,2.00065,61.26126126126124,BUY
2025-01-17 13:00:00,2.0122,2.00105,58.44748858447489,BUY
2025-01-17 14:00:00,2.0128,2.00265,56.87203791469196,BUY
2025-01-17 15:00:00,2.0073999999999996,2.0021,39.795918367346964,BUY
2025-01-17 16:00:00,2.0044,2.0025500000000003,50.0,BUY
2025-01-17 17:00:00,1.9975999999999998,2.00265,45.16129032258063,SELL
2025-01-17 18:00:00,1.9886,2.00265,36.32075471698117,SELL
2025-01-17 19:00:00,1.9771999999999998,2.00225,39.08629441624372,SELL
2025-01-17 20:00:00,1.9828,2.00375,51.02040816326528,SELL
2025-01-17 21:00:00,1.9789999999999999,2.0018000000000002,46.64179104477612,SELL
2025-01-17 22:00:00,1.9856000000000003,2.0017500000000004,45.41984732824429,SELL
2025-01-17 23:00:00,1.9928000000000001,2.0017,46.48437500000001,SELL
2025-01-18 00:00:00,2.0048,2.0018000000000002,50.5415162454873,BUY
2025-01-18 01:00:00,2.0018,2.0018000000000002,46.15384615384612,SELL
2025-01-18 02:00:00,2.0032,2.00105,47.826086956521735,BUY
2025-01-18 03:00:00,1.9826000000000001,1.9959,36.36363636363634,SELL
2025-01-18 04:00:00,1.9625999999999997,1.98905,33.24099722991687,SELL
2025-01-18 05:00:00,1.9227999999999998,1.9794,29.33985330073348,SELL
2025-01-18 06:00:00,1.8920000000000001,1.971,30.695443645083913,SELL
2025-01-18 07:00:00,1.855,1.9604,30.548926014319804,SELL
2025-01-18 08:00:00,1.8394,1.9513000000000003,34.21052631578948,SELL
2025-01-18 09:00:00,1.8224,1.9416,32.873563218390814,SELL
2025-01-18 10:00:00,1.8175999999999999,1.9306,21.73913043478261,SELL
2025-01-18 11:00:00,1.814,1.9226500000000002,29.899497487437174,SELL
2025-01-18 12:00:00,1.8142,1.91285,25.44080604534004,SELL
2025-01-18 13:00:00,1.8137999999999999,1.9053499999999999,28.53535353535355,SELL
2025-01-18 14:00:00,1.8128,1.8976499999999998,22.704081632653114,SELL
2025-01-18 15:00:00,1.8134000000000001,1.88965,23.35958005249347,SELL
2025-01-18 16:00:00,1.7982,1.8765,21.140142517814738,SELL
2025-01-18 17:00:00,1.7853999999999999,1.8644499999999997,26.646706586826383,SELL
2025-01-18 18:00:00,1.7655999999999998,1.85035,25.64841498559082,SELL
2025-01-18 19:00:00,1.7559999999999998,1.83845,39.60396039603962,SELL
2025-01-18 20:00:00,1.7433999999999998,1.8242999999999998,31.081081081081095,SELL
2025-01-18 21:00:00,1.7391999999999999,1.8108499999999998,34.9809885931559,SELL
2025-01-18 22:00:00,1.7372,1.7979499999999997,32.6771653543307,SELL
2025-01-18 23:00:00,1.7464000000000002,1.7913000000000001,42.96296296296295,SELL
2025-01-19 00:00:00,1.7536,1.7862000000000002,49.458483754512656,SELL
2025-01-19 01:00:00,1.7698,1.7860500000000001,47.56554307116107,SELL
2025-01-19 02:00:00,1.7866,1.7845,50.800000000000004,BUY
2025-01-19 03:00:00,1.7992000000000001,1.784,45.45454545454543,BUY
2025-01-19 04:00:00,1.798,1.78095,42.750929368029716,BUY
2025-01-19 05:00:00,1.7917999999999998,1.7785499999999999,43.07116104868911,BUY
2025-01-19 06:00:00,1.7727999999999997,1.77485,43.8931297709924,SELL
2025-01-19 07:00:00,1.7533999999999998,1.76935,44.40154440154442,SELL
2025-01-19 08:00:00,1.7253999999999998,1.7618000000000003,39.115646258503396,SELL
2025-01-19 09:00:00,1.7088,1.7547000000000001,36.97183098591549,SELL
2025-01-19 10:00:00,1.684,1.74635,34.09090909090909,SELL
2025-01-19 11:00:00,1.6596,1.7364000000000002,30.612244897959187,SELL
2025-01-19 12:00:00,1.6454,1.73115,38.341968911917085,SELL
2025-01-19 13:00:00,1.6496,1.72785,38.50129198966409,SELL
2025-01-19 14:00:00,1.6689999999999998,1.7305499999999998,48.59611231101511,SELL
2025-01-19 15:00:00,1.6936,1.73075,43.88646288209606,SELL
2025-01-19 16:00:00,1.7259999999999998,1.7320499999999999,44.00871459694987,SELL
2025-01-19 17:00:00,1.754,1.7348500000000002,48.619957537154995,BUY
2025-01-19 18:00:00,1.7706,1.7362000000000002,50.0,BUY
2025-01-19 19:00:00,1.7675999999999998,1.73585,50.329670329670336,BUY
2025-01-19 20:00:00,1.7625999999999997,1.7329999999999999,51.57657657657658,BUY
2025-01-19 21:00:00,1.7378,1.7240499999999996,42.4074074074074,BUY
2025-01-19 22:00:00,1.7100000000000002,1.7157,48.78542510121457,SELL
2025-01-19 23:00:00,1.6811999999999998,1.7067,43.9121756487026,SELL
2025-01-20 00:00:00,1.6420000000000001,1.69685,43.222003929273086,SELL
2025-01-20 01:00:00,1.6136,1.6884500000000002,49.395161290322584,SELL
2025-01-20 02:00:00,1.6161999999999999,1.6849,50.198412698412696,SELL
2025-01-20 03:00:00,1.6198000000000001,1.6823000000000001,48.4599589322382,SELL
2025-01-20 04:00:00,1.6320000000000001,1.6833500000000001,38.02469135802469,SELL
2025-01-20 05:00:00,1.6603999999999999,1.68475,43.961352657004824,SELL
2025-01-20 06:00:00,1.701,1.6926999999999999,53.507014028056126,BUY
2025-01-20 07:00:00,1.7276,1.7019000000000002,49.484536082474214,BUY
2025-01-20 08:00:00,1.7568000000000001,1.7101499999999998,54.878048780487816,BUY
2025-01-20 09:00:00,1.7738,1.7144000000000001,50.27932960893853,BUY
2025-01-20 10:00:00,1.784,1.7134999999999998,52.52918287937742,BUY
2025-01-20 11:00:00,1.7986,1.71895,72.13740458015266,BUY
2025-01-20 12:00:00,1.8024,1.721,63.21243523316062,BUY
2025-01-20 13:00:00,1.8006,1.7218,66.54611211573237,BUY
2025-01-20 14:00:00,1.8094000000000001,1.7241,73.9644970414201,BUY
2025-01-20 15:00:00,1.8112000000000001,1.7244,66.92160611854683,BUY
2025-01-20 16:00:00,1.799,1.72805,65.67460317460319,BUY
2025-01-20 17:00:00,1.7848,1.73275,55.67375886524823,BUY
2025-01-20 18:00:00,1.7765999999999997,1.7384499999999998,56.970740103270224,BUY
2025-01-20 19:00:00,1.7681999999999998,1.7458500000000001,55.2772808586762,BUY
2025-01-20 20:00:00,1.7836000000000003,1.7597999999999998,54.62794918330308,BUY
2025-01-20 21:00:00,1.7872,1.7714500000000002,53.84615384615386,BUY
2025-01-20 22:00:00,1.8174,1.78305,55.8974358974359,BUY
2025-01-20 23:00:00,1.8294000000000001,1.79085,54.682274247491655,BUY
2025-01-21 00:00:00,1.8367999999999998,1.7970499999999998,53.69458128078819,BUY
2025-01-21 01:00:00,1.827,1.8014499999999998,43.02554027504911,BUY
2025-01-21 02:00:00,1.8146,1.79985,46.00840336134453,BUY
2025-01-21 03:00:00,1.7899999999999998,1.7986499999999999,45.30271398747389,SELL
2025-01-21 04:00:00,1.7768000000000002,1.7958500000000002,44.30379746835442,SELL
2025-01-21 05:00:00,1.7635999999999998,1.7945,46.66666666666666,SELL
2025-01-21 06:00:00,1.7564,1.7945500000000003,44.700460829493075,SELL
2025-01-21 07:00:00,1.7594,1.7900500000000001,56.417112299465224,SELL
2025-01-21 08:00:00,1.7597999999999998,1.7879999999999998,49.72222222222222,SELL
2025-01-21 09:00:00,1.7724,1.7888000000000002,56.17433414043586,SELL
2025-01-21 10:00:00,1.8039999999999998,1.79315,56.17433414043583,BUY
2025-01-21 11:00:00,1.8302,1.7993,58.4382871536524,BUY
2025-01-21 12:00:00,1.8582,1.80485,55.04087193460493,BUY
2025-01-21 13:00:00,1.8820000000000001,1.8122999999999998,58.21325648414985,BUY
2025-01-21 14:00:00,1.8913999999999997,1.8175000000000001,58.892128279883366,BUY
2025-01-21 15:00:00,1.8854,1.82245,60.41666666666668,BUY
2025-01-21 16:00:00,1.8866,1.8250499999999998,70.27027027027027,BUY
2025-01-21 17:00:00,1.8923999999999999,1.8311499999999998,75.0663129973475,BUY
2025-01-21 18:00:00,1.9078,1.8349,76.0416666666667,BUY
2025-01-21 19:00:00,1.9184,1.83975,72.27722772277227,BUY
2025-01-21 20:00:00,1.9262000000000001,1.8448,68.35443037974684,BUY
2025-01-21 21:00:00,1.9358,1.8522500000000002,70.09569377990431,BUY
2025-01-21 22:00:00,1.9327999999999999,1.8607,70.77294685990339,BUY
2025-01-21 23:00:00,1.922,1.8679,60.77922077922077,BUY
2025-01-22 00:00:00,1.9228,1.87625,53.96341463414635,BUY
2025-01-22 01:00:00,1.9208000000000003,1.8840999999999997,50.57142857142858,BUY
2025-01-22 02:00:00,1.9140000000000001,1.8916499999999998,49.11764705882353,BUY
2025-01-22 03:00:00,1.9076,1.8977499999999998,53.35463258785944,BUY
2025-01-22 04:00:00,1.9076,1.9048500000000002,55.96026490066225,BUY
2025-01-22 05:00:00,1.9016000000000002,1.90855,54.19354838709674,SELL
2025-01-22 06:00:00,1.903,1.90885,50.86505190311417,SELL
2025-01-22 07:00:00,1.8980000000000001,1.9086000000000003,38.28125,SELL
2025-01-22 08:00:00,1.8954,1.90705,36.03238866396758,SELL
2025-01-22 09:00:00,1.8969999999999998,1.9086000000000003,48.06866952789702,SELL
2025-01-22 10:00:00,1.9064,1.9122999999999997,56.800000000000004,SELL
2025-01-22 11:00:00,1.9169999999999998,1.91675,52.21238938053097,BUY
2025-01-22 12:00:00,1.9256,1.9183500000000002,49.57983193277311,BUY
2025-01-22 13:00:00,1.924,1.91495,45.559845559845535,BUY
2025-01-22 14:00:00,1.9232,1.9124500000000002,46.7924528301887,BUY
2025-01-22 15:00:00,1.9166,1.9118499999999998,52.30125523012549,BUY
2025-01-22 16:00:00,1.9163999999999999,1.9143000000000001,57.933579335793326,BUY
2025-01-22 17:00:00,1.92,1.9143999999999999,59.022556390977435,BUY
2025-01-22 18:00:00,1.9256,1.91315,50.81967213114752,BUY
2025-01-22 19:00:00,1.9232,1.9127500000000002,50.16181229773465,BUY
2025-01-22 20:00:00,1.9192,1.9109500000000001,47.385620915032675,BUY
2025-01-22 21:00:00,1.9080000000000001,1.9111,51.98675496688742,SELL
2025-01-22 22:00:00,1.8893999999999997,1.90825,45.37572254335264,SELL
2025-01-22 23:00:00,1.879,1.9060000000000001,41.48606811145512,SELL
2025-01-23 00:00:00,1.8701999999999999,1.9034,34.899328859060404,SELL
2025-01-23 01:00:00,1.8585999999999998,1.9002,29.04290429042905,SELL
2025-01-23 02:00:00,1.8456,1.8967500000000002,32.978723404255305,SELL
2025-01-23 03:00:00,1.8446000000000002,1.8948999999999998,44.12955465587046,SELL
2025-01-23 04:00:00,1.8352,1.8909499999999997,31.297709923664087,SELL
2025-01-23 05:00:00,1.8262,1.8857,30.6818181818182,SELL
2025-01-23 06:00:00,1.8181999999999998,1.8781500000000002,14.224137931034463,SELL
2025-01-23 07:00:00,1.8108,1.8702,17.59656652360512,SELL
2025-01-23 08:00:00,1.7955999999999999,1.8623999999999998,19.069767441860435,SELL
2025-01-23 09:00:00,1.7870000000000001,1.8567,19.431279620853047,SELL
2025-01-23 10:00:00,1.7774,1.84925,19.339622641509422,SELL
2025-01-23 11:00:00,1.77,1.8415,14.1463414634146,SELL
2025-01-23 12:00:00,1.7564,1.8302,15.760869565217348,SELL
2025-01-23 13:00:00,1.75,1.8199,21.31979695431474,SELL
2025-01-23 14:00:00,1.7576,1.8147000000000002,40.7114624505929,SELL
2025-01-23 15:00:00,1.7604,1.8085499999999999,39.01515151515151,SELL
2025-01-23 16:00:00,1.7624,1.8023,36.56716417910449,SELL
2025-01-23 17:00:00,1.7710000000000001,1.7959500000000002,35.114503816793885,SELL
2025-01-23 18:00:00,1.7704,1.79015,36.36363636363638,SELL
2025-01-23 19:00:00,1.7535999999999998,1.7833499999999998,34.074074074074076,SELL
2025-01-23 20:00:00,1.7477999999999998,1.77795,41.51624548736464,SELL
2025-01-23 21:00:00,1.7416,1.77305,38.21428571428572,SELL
2025-01-23 22:00:00,1.7498,1.7719999999999998,55.752212389380546,SELL
2025-01-23 23:00:00,1.7662,1.77055,58.28402366863905,SELL
2025-01-24 00:00:00,1.7818,1.7700000000000002,55.64971751412429,BUY
2025-01-24 01:00:00,1.7957999999999998,1.7703499999999999,58.241758241758234,BUY
2025-01-24 02:00:00,1.809,1.77075,59.55056179775281,BUY
2025-01-24 03:00:00,1.8148,1.7730000000000001,62.886597938144305,BUY
2025-01-24 04:00:00,1.829,1.7788999999999997,61.80371352785144,BUY
2025-01-24 05:00:00,1.8690000000000002,1.7905000000000002,75.1111111111111,BUY
2025-01-24 06:00:00,1.9053999999999998,1.80235,76.12612612612615,BUY
2025-01-24 07:00:00,1.9456,1.8146499999999999,75.79908675799089,BUY
2025-01-24 08:00:00,1.9906,1.83155,84.59915611814347,BUY
2025-01-24 09:00:00,2.028,1.8483999999999998,88.6266094420601,BUY
2025-01-24 10:00:00,2.0456,1.8625,88.19599109131404,BUY
2025-01-24 11:00:00,2.0634,1.8780999999999999,90.00000000000007,BUY
2025-01-24 12:00:00,2.084,1.8950500000000001,88.29787234042561,BUY
2025-01-24 13:00:00,2.0876,1.9106999999999998,84.37500000000006,BUY
2025-01-24 14:00:00,2.0892,1.9281000000000001,90.05524861878462,BUY
2025-01-24 15:00:00,2.0866,1.9457500000000003,85.9116022099448,BUY
2025-01-24 16:00:00,2.0846,1.9623000000000002,89.65517241379314,BUY
2025-01-24 17:00:00,2.0762,1.9787000000000003,84.22712933753952,BUY
2025-01-24 18:00:00,2.0667999999999997,1.9899499999999999,75.34722222222231,BUY
2025-01-24 19:00:00,2.0532,1.99985,55.44554455445547,BUY
2025-01-24 20:00:00,2.0324,2.0084,44.79999999999999,BUY
2025-01-24 21:00:00,2.0170000000000003,2.0176000000000003,49.63503649635037,SELL
2025-01-24 22:00:00,2.003,2.0272,31.60377358490561,SELL
2025-01-24 23:00:00,1.9957999999999998,2.0351999999999997,31.92488262910797,SELL
2025-01-25 00:00:00,1.9884,2.0397000000000003,27.312775330396505,SELL
2025-01-25 01:00:00,1.9968,2.04035,35.57312252964428,SELL
2025-01-25 02:00:00,1.9998,2.0412,30.932203389830548,SELL
2025-01-25 03:00:00,2.004,2.0418,33.031674208144864,SELL
2025-01-25 04:00:00,2.0028,2.03825,30.47210300429184,SELL
2025-01-25 05:00:00,2.0044,2.0338000000000003,31.696428571428584,SELL
2025-01-25 06:00:00,2.003,2.0296999999999996,35.16949152542375,SELL
2025-01-25 07:00:00,1.9969999999999999,2.0246000000000004,34.01639344262294,SELL
2025-01-25 08:00:00,1.9842,2.01685,32.170542635658904,SELL
2025-01-25 09:00:00,1.9738,2.0098,34.43983402489627,SELL
2025-01-25 10:00:00,1.9634,2.00235,42.34693877551019,SELL
2025-01-25 11:00:00,1.9504000000000001,1.99565,32.73809523809521,SELL
2025-01-25 12:00:00,1.9442,1.9895,38.72832369942197,SELL
2025-01-25 13:00:00,1.9456,1.9842,34.96932515337414,SELL
2025-01-25 14:00:00,1.9468,1.9798000000000002,39.04109589041091,SELL
2025-01-25 15:00:00,1.956,1.97805,41.447368421052595,SELL
2025-01-25 16:00:00,1.97,1.9800499999999999,49.1428571428571,SELL
2025-01-25 17:00:00,1.9796,1.98015,46.739130434782595,SELL
2025-01-25 18:00:00,1.9838,1.9793999999999996,44.329896907216465,BUY
2025-01-25 19:00:00,1.9922,1.9788999999999999,50.48543689320388,BUY
2025-01-25 20:00:00,1.9894000000000003,1.9783000000000002,42.325581395348834,BUY
2025-01-25 21:00:00,1.9836000000000003,1.9767499999999998,49.5049504950495,BUY
2025-01-25 22:00:00,1.9796,1.9750999999999999,59.52380952380957,BUY
2025-01-25 23:00:00,1.9838,1.97435,63.93442622950825,BUY
2025-01-26 00:00:00,1.9944,1.9768000000000001,73.56828193832604,BUY
2025-01-26 01:00:00,2.0035999999999996,1.9781000000000002,65.23437500000003,BUY
2025-01-26 02:00:00,2.0098,1.97845,62.00000000000007,BUY
2025-01-26 03:00:00,2.027,1.9826000000000001,68.43853820598015,BUY
2025-01-26 04:00:00,2.0616,1.9937,77.1144278606966,BUY
2025-01-26 05:00:00,2.0789999999999997,2.0031000000000003,68.31683168316836,BUY
2025-01-26 06:00:00,2.1066000000000003,2.0139,68.15920398009955,BUY
2025-01-26 07:00:00,2.1393999999999997,2.0257,71.35922330097088,BUY
2025-01-26 08:00:00,2.1534,2.0349,68.69158878504673,BUY
2025-01-26 09:00:00,2.1449999999999996,2.04355,66.02870813397129,BUY
2025-01-26 10:00:00,2.1452,2.0527,70.22332506203476,BUY
2025-01-26 11:00:00,2.1452,2.0612,71.08433734939761,BUY
2025-01-26 12:00:00,2.1366,2.0673500000000002,67.50572082379867,BUY
2025-01-26 13:00:00,2.1437999999999997,2.0759499999999997,69.06318082788674,BUY
2025-01-26 14:00:00,2.1525999999999996,2.08575,65.28117359413207,BUY
2025-01-26 15:00:00,2.1588000000000003,2.09435,69.17098445595863,BUY
2025-01-26 16:00:00,2.1583999999999994,2.1034499999999996,68.11224489795921,BUY
2025-01-26 17:00:00,2.1645999999999996,2.1126,64.08045977011497,BUY
2025-01-26 18:00:00,2.1726,2.1242,57.1917808219178,BUY
2025-01-26 19:00:00,2.176,2.1338,59.85663082437284,BUY
2025-01-26 20:00:00,2.1762,2.1398,51.97132616487458,BUY
2025-01-26 21:00:00,2.1702000000000004,2.1451,41.390728476821224,BUY
2025-01-26 22:00:00,2.1646,2.1513,50.0,BUY
2025-01-26 23:00:00,2.1396,2.15235,43.492063492063465,SELL
2025-01-27 00:00:00,2.1148,2.1471,39.39393939393935,SELL
2025-01-27 01:00:00,2.0918,2.143,33.85093167701858,SELL
2025-01-27 02:00:00,2.074,2.13695,34.49367088607582,SELL
2025-01-27 03:00:00,2.05,2.1289499999999997,23.64864864864856,SELL
2025-01-27 04:00:00,2.0292,2.1213,21.276595744680762,SELL
2025-01-27 05:00:00,2.0044,2.1119499999999998,19.178082191780703,SELL
2025-01-27 06:00:00,1.9771999999999998,2.101,18.51851851851842,SELL
2025-01-27 07:00:00,1.9624000000000001,2.09125,25.423728813559265,SELL
2025-01-27 08:00:00,1.9542000000000002,2.08335,18.733509234828432,SELL
2025-01-27 09:00:00,1.9477999999999998,2.0723,18.68421052631571,SELL
2025-01-27 10:00:00,1.9324000000000001,2.0568999999999997,15.955056179775212,SELL
2025-01-27 11:00:00,1.9207999999999998,2.0415,17.401960784313644,SELL
2025-01-27 12:00:00,1.911,2.0294,25.111111111111114,SELL
2025-01-27 13:00:00,1.8936,2.0156,26.588235294117666,SELL
2025-01-27 14:00:00,1.8916,2.0020499999999997,36.40350877192981,SELL
2025-01-27 15:00:00,1.9056000000000002,1.9893,36.88888888888888,SELL
2025-01-27 16:00:00,1.9108,1.97515,34.36853002070394,SELL
2025-01-27 17:00:00,1.9045999999999998,1.9629999999999999,35.5460385438972,SELL
2025-01-27 18:00:00,1.8942,1.948,34.65553235908142,SELL
2025-01-27 19:00:00,1.8768,1.9363499999999998,40.439560439560445,SELL
2025-01-27 20:00:00,1.8747999999999998,1.9293,50.800000000000004,SELL
2025-01-27 21:00:00,1.8832,1.923,46.170678336980316,SELL
2025-01-27 22:00:00,1.893,1.9177499999999998,44.96644295302014,SELL
2025-01-27 23:00:00,1.9094000000000002,1.9128500000000002,46.20689655172415,SELL
2025-01-28 00:00:00,1.9213999999999998,1.9093999999999998,57.102272727272734,BUY
2025-01-28 01:00:00,1.9176000000000002,1.9076,56.61971830985914,BUY
2025-01-28 02:00:00,1.9184,1.9082999999999999,52.76073619631902,BUY
2025-01-28 03:00:00,1.9242000000000001,1.9082000000000001,60.72507552870089,BUY
2025-01-28 04:00:00,1.9298000000000002,1.9067500000000002,50.85910652920965,BUY
2025-01-28 05:00:00,1.9338000000000002,1.9059000000000001,50.0,BUY
2025-01-28 06:00:00,1.9344000000000001,1.9081,54.41176470588235,BUY
2025-01-28 07:00:00,1.9294,1.9104500000000002,54.41176470588235,BUY
2025-01-28 08:00:00,1.9149999999999998,1.9091999999999998,60.408163265306094,BUY
2025-01-28 09:00:00,1.9014,1.9087,55.08474576271186,SELL
2025-01-28 10:00:00,1.8943999999999999,1.9065999999999999,43.31550802139034,SELL
2025-01-28 11:00:00,1.8958,1.90565,47.263681592039774,SELL
2025-01-28 12:00:00,1.8932000000000002,1.9060499999999998,41.36363636363635,SELL
2025-01-28 13:00:00,1.8998000000000002,1.9080000000000001,50.42372881355932,SELL
2025-01-28 14:00:00,1.9014,1.9105,44.73684210526315,SELL
2025-01-28 15:00:00,1.906,1.9139,52.901023890785005,SELL
2025-01-28 16:00:00,1.8976,1.9113499999999999,41.00946372239748,SELL
2025-01-28 17:00:00,1.9034,1.9111,44.34523809523808,SELL
2025-01-28 18:00:00,1.8939999999999997,1.90825,40.16172506738544,SELL
2025-01-28 19:00:00,1.8905999999999998,1.9058,41.04683195592286,SELL
2025-01-28 20:00:00,1.8676000000000001,1.90045,37.34335839598996,SELL
2025-01-28 21:00:00,1.8463999999999998,1.8935499999999998,34.1743119266055,SELL
2025-01-28 22:00:00,1.8199999999999998,1.8865000000000003,38.86363636363637,SELL
2025-01-28 23:00:00,1.8014,1.8775499999999998,38.863636363636346,SELL
2025-01-29 00:00:00,1.7846,1.8695,36.55660377358491,SELL
2025-01-29 01:00:00,1.7828,1.8626999999999998,36.104513064133016,SELL
2025-01-29 02:00:00,1.7866,1.8565999999999998,37.07317073170731,SELL
2025-01-29 03:00:00,1.7924,1.8522499999999997,37.681159420289845,SELL
2025-01-29 04:00:00,1.8043999999999998,1.8499000000000003,44.27860696517413,SELL
2025-01-29 05:00:00,1.8163999999999998,1.8482499999999997,39.62264150943397,SELL
2025-01-29 06:00:00,1.8302,1.8466500000000003,49.127906976744185,SELL
2025-01-29 07:00:00,1.846,1.8441500000000002,40.60402684563763,BUY
2025-01-29 08:00:00,1.8516,1.8418500000000002,44.98141263940519,BUY
2025-01-29 09:00:00,1.8498,1.8374,43.21428571428572,BUY
2025-01-29 10:00:00,1.8524,1.8359999999999999,60.408163265306094,BUY
2025-01-29 11:00:00,1.8481999999999998,1.8322000000000003,68.20276497695849,BUY
2025-01-29 12:00:00,1.8454000000000002,1.8311,65.49999999999999,BUY
2025-01-29 13:00:00,1.8451999999999997,1.8273,66.49746192893403,BUY
2025-01-29 14:00:00,1.8417999999999999,1.8243500000000001,56.50224215246634,BUY
2025-01-29 15:00:00,1.8332000000000002,1.82165,54.02843601895736,BUY
2025-01-29 16:00:00,1.8245999999999998,1.82145,54.02843601895736,BUY
2025-01-29 17:00:00,1.8236,1.8254000000000001,56.306306306306304,SELL
2025-01-29 18:00:00,1.8264,1.8289000000000002,54.46009389671364,SELL
2025-01-29 19:00:00,1.8376000000000001,1.8334000000000004,55.707762557077594,BUY
2025-01-29 20:00:00,1.8656,1.8418999999999996,65.60283687943259,BUY
2025-01-29 21:00:00,1.9014,1.8511,69.05537459283386,BUY
2025-01-29 22:00:00,1.919,1.8585,63.095238095238095,BUY
2025-01-29 23:00:00,1.9268,1.8625000000000003,59.38375350140054,BUY
2025-01-30 00:00:00,1.9308,1.8649999999999998,54.73372781065089,BUY
2025-01-30 01:00:00,1.9207999999999998,1.8680000000000003,58.65102639296186,BUY
2025-01-30 02:00:00,1.9042000000000001,1.8695999999999997,57.01754385964909,BUY
2025-01-30 03:00:00,1.9016000000000002,1.8724,60.61452513966477,BUY
2025-01-30 04:00:00,1.9096,1.877,68.02325581395348,BUY
2025-01-30 05:00:00,1.9189999999999998,1.8823,67.73255813953486,BUY
2025-01-30 06:00:00,1.927,1.8866500000000002,70.88235294117644,BUY
2025-01-30 07:00:00,1.9316,1.89045,61.87500000000001,BUY
2025-01-30 08:00:00,1.9318000000000002,1.8940000000000001,60.260586319218234,BUY
2025-01-30 09:00:00,1.9324,1.8988,61.26984126984125,BUY
2025-01-30 10:00:00,1.9352,1.90565,49.166666666666664,BUY
2025-01-30 11:00:00,1.9392,1.91315,46.25550660792949,BUY
2025-01-30 12:00:00,1.9492,1.9216000000000002,60.215053763440864,BUY
2025-01-30 13:00:00,1.9636000000000002,1.9289999999999998,77.90697674418604,BUY
2025-01-30 14:00:00,1.9698,1.93465,72.04301075268816,BUY
2025-01-30 15:00:00,1.9842,1.9423,76.57657657657656,BUY
2025-01-30 16:00:00,2.0144,1.9503499999999998,85.11326860841424,BUY
2025-01-30 17:00:00,2.0486,1.9584,85.35031847133757,BUY
2025-01-30 18:00:00,2.0726,1.9674,76.99386503067485,BUY
2025-01-30 19:00:00,2.1102,1.9805,80.05390835579516,BUY
2025-01-30 20:00:00,2.1296,1.9920000000000002,71.71215880893308,BUY
2025-01-30 21:00:00,2.1254,2.0014999999999996,71.35802469135803,BUY
2025-01-30 22:00:00,2.1186,2.012,72.31503579952269,BUY
2025-01-30 23:00:00,2.1158,2.02095,69.43765281173597,BUY
2025-01-31 00:00:00,2.106,2.0296,69.51219512195124,BUY
2025-01-31 01:00:00,2.1116,2.04015,71.13163972286375,BUY
2025-01-31 02:00:00,2.1122,2.0477999999999996,63.23529411764707,BUY
2025-01-31 03:00:00,2.1058,2.0555499999999998,58.736842105263165,BUY
2025-01-31 04:00:00,2.0951999999999997,2.0618,57.76397515527949,BUY
2025-01-31 05:00:00,2.0918,2.0694500000000002,57.41127348643009,BUY
2025-01-31 06:00:00,2.0916,2.07925,53.53075170842821,BUY
2025-01-31 07:00:00,2.1002,2.08805,49.760765550239256,BUY
2025-01-31 08:00:00,2.1155999999999997,2.09715,54.97512437810947,BUY
2025-01-31 09:00:00,2.1424,2.1065,52.74151436031337,BUY
2025-01-31 10:00:00,2.1566,2.11615,56.26740947075208,BUY
2025-01-31 11:00:00,2.184,2.1292,70.86092715231791,BUY
2025-01-31 12:00:00,2.2162,2.1384999999999996,71.11597374179433,BUY
2025-01-31 13:00:00,2.2616,2.1504000000000003,76.66034155597724,BUY
2025-01-31 14:00:00,2.2974000000000006,2.1627,73.18435754189947,BUY
2025-01-31 15:00:00,2.3451999999999997,2.1749,73.52941176470593,BUY
2025-01-31 16:00:00,2.3722000000000003,2.18985,81.53241650294697,BUY
2025-01-31 17:00:00,2.3975999999999997,2.20655,85.34136546184739,BUY
2025-01-31 18:00:00,2.394,2.2192499999999997,79.58801498127347,BUY
2025-01-31 19:00:00,2.3916000000000004,2.23165,75.29880478087654,BUY
2025-01-31 20:00:00,2.3762,2.2424500000000003,69.1489361702128,BUY
2025-01-31 21:00:00,2.3546,2.2506,67.70833333333334,BUY
2025-01-31 22:00:00,2.3334,2.26185,67.6409185803758,BUY
2025-01-31 23:00:00,2.3214,2.2731500000000002,62.92372881355933,BUY
2025-02-01 00:00:00,2.3128,2.2860500000000004,65.2838427947598,BUY
2025-02-01 01:00:00,2.3076,2.2963999999999998,52.47813411078716,BUY
2025-02-01 02:00:00,2.3114,2.3055499999999998,53.95480225988701,BUY
2025-02-01 03:00:00,2.3077999999999994,2.3137499999999998,37.333333333333336,SELL
2025-02-01 04:00:00,2.312,2.32225,43.959731543624166,SELL
2025-02-01 05:00:00,2.314,2.32895,33.07984790874528,SELL
2025-02-01 06:00:00,2.3112000000000004,2.33505,26.08695652173914,SELL
2025-02-01 07:00:00,2.3026,2.3352,23.30827067669179,SELL
2025-02-01 08:00:00,2.2925999999999997,2.33285,26.724137931034534,SELL
2025-02-01 09:00:00,2.2676000000000003,2.32375,22.710622710622758,SELL
2025-02-01 10:00:00,2.246,2.3160999999999996,26.923076923076962,SELL
2025-02-01 11:00:00,2.2314,2.3066,30.677290836653455,SELL
2025-02-01 12:00:00,2.2168,2.29635,27.19665271966535,SELL
2025-02-01 13:00:00,2.2044,2.2845500000000003,27.083333333333414,SELL
2025-02-01 14:00:00,2.2003999999999997,2.2753500000000004,25.000000000000128,SELL
2025-02-01 15:00:00,2.2014,2.2685500000000003,34.16370106761572,SELL
2025-02-01 16:00:00,2.1938000000000004,2.261,23.263888888888886,SELL
2025-02-01 17:00:00,2.1904,2.2552999999999996,30.985915492957858,SELL
2025-02-01 18:00:00,2.1856,2.2476,23.549488054607593,SELL
2025-02-01 19:00:00,2.1772,2.2393,21.835443037974755,SELL
2025-02-01 20:00:00,2.1606,2.2305,23.310810810810878,SELL
2025-02-01 21:00:00,2.145,2.2203500000000003,21.100917431192713,SELL
2025-02-01 22:00:00,2.1202,2.2075000000000005,21.56250000000007,SELL
2025-02-01 23:00:00,2.0942,2.1942,23.154362416107446,SELL
2025-02-02 00:00:00,2.0844,2.1824000000000003,32.44837758112105,SELL
2025-02-02 01:00:00,2.0698,2.1694500000000003,28.29670329670337,SELL
2025-02-02 02:00:00,2.0482000000000005,2.1546,23.953488372093105,SELL
2025-02-02 03:00:00,2.0218,2.1372999999999998,22.48908296943239,SELL
2025-02-02 04:00:00,2.0056000000000003,2.1224499999999997,26.030368763557576,SELL
2025-02-02 05:00:00,1.9916,2.1134,30.122950819672184,SELL
2025-02-02 06:00:00,1.9834,2.1038,32.30769230769236,SELL
2025-02-02 07:00:00,1.9818000000000002,2.0922,26.980728051391893,SELL
2025-02-02 08:00:00,1.9906,2.08075,29.185520361990953,SELL
2025-02-02 09:00:00,1.9983999999999997,2.0709500000000003,33.41232227488153,SELL
2025-02-02 10:00:00,1.9975999999999998,2.0627,36.65893271461716,SELL
2025-02-02 11:00:00,1.9832,2.04925,33.54564755838642,SELL
2025-02-02 12:00:00,1.9734000000000003,2.0371,34.64912280701755,SELL
2025-02-02 13:00:00,1.9742000000000002,2.0267000000000004,44.769874476987475,SELL
2025-02-02 14:00:00,1.9792,2.01935,42.857142857142826,SELL
2025-02-02 15:00:00,1.9796,2.0133,45.41284403669724,SELL
2025-02-02 16:00:00,1.9748,2.0028,42.398286937901474,SELL
2025-02-02 17:00:00,1.9740000000000002,1.99435,48.598130841121495,SELL
2025-02-02 18:00:00,1.9509999999999998,1.9843999999999997,40.987124463519294,SELL
2025-02-02 19:00:00,1.94,1.9808,44.88977955911823,SELL
2025-02-02 20:00:00,1.9221999999999997,1.97275,41.791044776119406,SELL
2025-02-02 21:00:00,1.9162,1.9644,41.40480591497225,SELL
2025-02-02 22:00:00,1.9134,1.96065,43.79432624113474,SELL
2025-02-02 23:00:00,1.9198,1.9589000000000003,41.889483065953655,SELL
2025-02-03 00:00:00,1.8927999999999998,1.9526,35.27508090614886,SELL
2025-02-03 01:00:00,1.8593999999999997,1.9396999999999998,35.218093699515336,SELL
2025-02-03 02:00:00,1.8061999999999998,1.9201000000000001,29.22252010723861,SELL
2025-02-03 03:00:00,1.7538,1.90365,26.666666666666643,SELL
2025-02-03 04:00:00,1.689,1.8835000000000002,20.976253298153026,SELL
2025-02-03 05:00:00,1.6502,1.86555,26.608910891089096,SELL
2025-02-03 06:00:00,1.6276,1.8471999999999997,31.111111111111086,SELL
2025-02-03 07:00:00,1.6486,1.83645,37.29456384323642,SELL
2025-02-03 08:00:00,1.652,1.8232999999999997,37.1536523929471,SELL
2025-02-03 09:00:00,1.6636,1.80585,27.63337893296854,SELL
2025-02-03 10:00:00,1.6733999999999998,1.7891000000000001,33.739837398373965,SELL
2025-02-03 11:00:00,1.675,1.77105,34.01639344262294,SELL
2025-02-03 12:00:00,1.6565999999999999,1.7569,30.758620689655174,SELL
2025-02-03 13:00:00,1.6433999999999997,1.74065,29.81283422459893,SELL
2025-02-03 14:00:00,1.6440000000000001,1.7291,36.746143057503495,SELL
2025-02-03 15:00:00,1.6469999999999998,1.71585,45.85714285714287,SELL
2025-02-03 16:00:00,1.6512,1.7032999999999998,54.49915110356537,SELL
2025-02-03 17:00:00,1.6583999999999999,1.6924500000000002,51.687388987566614,SELL
2025-02-03 18:00:00,1.6771999999999998,1.6816,61.1969111969112,SELL
2025-02-03 19:00:00,1.7076,1.67605,64.04293381037567,BUY
2025-02-03 20:00:00,1.709,1.6698999999999997,54.874213836477985,BUY
2025-02-03 21:00:00,1.7372,1.67275,56.711915535444945,BUY
2025-02-03 22:00:00,1.7846,1.68705,67.14490674318506,BUY
2025-02-03 23:00:00,1.8170000000000002,1.6974,65.3631284916201,BUY
2025-02-04 00:00:00,1.8183999999999998,1.7084,57.90921595598349,BUY
2025-02-04 01:00:00,1.839,1.7170999999999998,61.13475177304964,BUY
2025-02-04 02:00:00,1.8407999999999998,1.72605,63.57142857142857,BUY
2025-02-04 03:00:00,1.8358,1.73385,69.28374655647383,BUY
2025-02-04 04:00:00,1.8336,1.7428000000000001,64.26592797783934,BUY
2025-02-04 05:00:00,1.8232,1.7483,53.14960629921261,BUY
2025-02-04 06:00:00,1.8194,1.7536,57.509627727856234,BUY
2025-02-04 07:00:00,1.8050000000000002,1.7585500000000003,55.03685503685503,BUY
2025-02-04 08:00:00,1.7742,1.76325,51.9704433497537,BUY
2025-02-04 09:00:00,1.7437999999999998,1.7679000000000002,43.44919786096256,SELL
2025-02-04 10:00:00,1.75,1.7748000000000002,54.825737265415555,SELL
2025-02-04 11:00:00,1.7572000000000003,1.7811499999999998,50.87463556851311,SELL
2025-02-04 12:00:00,1.7756,1.7896500000000004,44.84451718494272,SELL
2025-02-04 13:00:00,1.7904,1.79625,45.36423841059602,SELL
2025-02-04 14:00:00,1.8218,1.8040500000000002,54.36241610738256,BUY
2025-02-04 15:00:00,1.8228000000000002,1.8035999999999999,48.01223241590213,BUY
2025-02-04 16:00:00,1.8115999999999999,1.8067999999999997,45.94180704441042,BUY
2025-02-04 17:00:00,1.798,1.80485,41.16666666666666,SELL
2025-02-04 18:00:00,1.8006,1.8002500000000001,47.35099337748344,BUY
2025-02-04 19:00:00,1.7795999999999998,1.7947,49.91273996509597,SELL
2025-02-04 20:00:00,1.7628,1.7896999999999998,42.11438474870018,SELL
2025-02-04 21:00:00,1.7346,1.7807,39.967105263157904,SELL
2025-02-04 22:00:00,1.7164000000000001,1.7737500000000002,46.63536776212832,SELL
2025-02-04 23:00:00,1.6948,1.765,50.95541401273886,SELL
2025-02-05 00:00:00,1.6814,1.75665,41.33099824868651,SELL
2025-02-05 01:00:00,1.6792000000000002,1.7536999999999998,37.030075187969906,SELL
2025-02-05 02:00:00,1.6966,1.75,38.30570902394107,SELL
2025-02-05 03:00:00,1.6994,1.7473499999999997,40.077071290944126,SELL
2025-02-05 04:00:00,1.6957999999999998,1.7453999999999996,32.98538622129436,SELL
2025-02-05 05:00:00,1.7055999999999998,1.7471,43.90243902439025,SELL
2025-02-05 06:00:00,1.7056,1.7426,41.422594142259406,SELL
2025-02-05 07:00:00,1.709,1.73795,45.945945945945965,SELL
2025-02-05 08:00:00,1.7204000000000002,1.73355,44.11177644710577,SELL
2025-02-05 09:00:00,1.7326000000000001,1.73095,50.341685649202724,BUY
2025-02-05 10:00:00,1.7408000000000001,1.72685,58.49514563106795,BUY
2025-02-05 11:00:00,1.761,1.72715,72.09944751381215,BUY
2025-02-05 12:00:00,1.7765999999999997,1.7292,69.30091185410335,BUY
2025-02-05 13:00:00,1.7902,1.7315999999999998,68.3385579937304,BUY
2025-02-05 14:00:00,1.8006,1.73095,69.42675159235667,BUY
2025-02-05 15:00:00,1.8105999999999998,1.7346,70.27863777089783,BUY
2025-02-05 16:00:00,1.8117999999999999,1.7393999999999998,62.382445141065816,BUY
2025-02-05 17:00:00,1.7991999999999997,1.7453499999999997,57.18390804597701,BUY
2025-02-05 18:00:00,1.7792000000000001,1.7472999999999999,54.820936639118486,BUY
2025-02-05 19:00:00,1.77,1.7497500000000001,53.80281690140844,BUY
2025-02-05 20:00:00,1.7508,1.7519499999999997,55.043227665706084,SELL
2025-02-05 21:00:00,1.7352,1.7533999999999998,47.402597402597394,SELL
2025-02-05 22:00:00,1.723,1.7519499999999997,39.240506329113934,SELL
2025-02-05 23:00:00,1.7164000000000001,1.75155,40.57507987220447,SELL
2025-02-06 00:00:00,1.703,1.7515500000000004,36.271186440677944,SELL
2025-02-06 01:00:00,1.701,1.7508,37.33333333333334,SELL
2025-02-06 02:00:00,1.7052,1.7533,37.953795379537944,SELL
2025-02-06 03:00:00,1.7187999999999999,1.7544,38.96103896103893,SELL
2025-02-06 04:00:00,1.7326000000000001,1.7546,42.758620689655146,SELL
2025-02-06 05:00:00,1.7518,1.7563499999999999,44.10774410774411,SELL
2025-02-06 06:00:00,1.7722000000000002,1.7586499999999998,53.28947368421054,BUY
2025-02-06 07:00:00,1.7850000000000001,1.7593,60.000000000000036,BUY
2025-02-06 08:00:00,1.7932000000000001,1.75855,64.54183266932273,BUY
2025-02-06 09:00:00,1.8112000000000001,1.7598500000000001,67.27941176470593,BUY
2025-02-06 10:00:00,1.8206,1.7613499999999997,70.93023255813952,BUY
2025-02-06 11:00:00,1.8214,1.7613500000000002,69.31818181818181,BUY
2025-02-06 12:00:00,1.8198,1.7613000000000003,70.65637065637068,BUY
2025-02-06 13:00:00,1.826,1.76525,73.70242214532875,BUY
2025-02-06 14:00:00,1.8161999999999998,1.7691000000000003,67.83439490445863,BUY
2025-02-06 15:00:00,1.7978,1.7683,53.71428571428573,BUY
2025-02-06 16:00:00,1.7778000000000003,1.7681,47.24637681159421,BUY
2025-02-06 17:00:00,1.7612,1.7678,43.45238095238097,SELL
2025-02-06 18:00:00,1.7376,1.7689,42.51497005988026,SELL
2025-02-06 19:00:00,1.7178,1.7694500000000002,36.90851735015771,SELL
2025-02-06 20:00:00,1.7184000000000001,1.77215,38.83792048929663,SELL
2025-02-06 21:00:00,1.7172,1.77215,37.02623906705538,SELL
2025-02-06 22:00:00,1.7128,1.7696999999999998,35.18005540166203,SELL
2025-02-06 23:00:00,1.705,1.76545,22.629969418960215,SELL
2025-02-07 00:00:00,1.7046,1.7624499999999999,30.473372781065095,SELL
2025-02-07 01:00:00,1.7,1.7592000000000003,35.54913294797689,SELL
2025-02-07 02:00:00,1.7033999999999998,1.7549500000000002,40.36144578313252,SELL
2025-02-07 03:00:00,1.707,1.7502000000000002,31.366459627329206,SELL
2025-02-07 04:00:00,1.7146000000000001,1.7457999999999998,34.45945945945944,SELL
2025-02-07 05:00:00,1.7126000000000001,1.7378,40.157480314960615,SELL
2025-02-07 06:00:00,1.7007999999999999,1.72925,38.783269961977155,SELL
2025-02-07 07:00:00,1.6872,1.7213999999999998,40.46692607003887,SELL
2025-02-07 08:00:00,1.6826,1.7159,45.4873646209386,SELL
2025-02-07 09:00:00,1.6835999999999998,1.7102,52.01342281879195,SELL
2025-02-07 10:00:00,1.6898,1.7061999999999997,45.83333333333333,SELL
2025-02-07 11:00:00,1.7071999999999998,1.7066,56.48854961832061,BUY
2025-02-07 12:00:00,1.7218,1.7074000000000003,59.2,BUY
2025-02-07 13:00:00,1.7396,1.7105000000000001,69.1449814126394,BUY
2025-02-07 14:00:00,1.7498,1.71325,63.052208835341375,BUY
2025-02-07 15:00:00,1.7456,1.71315,46.5986394557823,BUY
2025-02-07 16:00:00,1.7218,1.7074500000000001,35.59322033898303,BUY
2025-02-07 17:00:00,1.6964,1.7022000000000002,35.897435897435884,SELL
2025-02-07 18:00:00,1.6646,1.69845,36.79775280898878,SELL
2025-02-07 19:00:00,1.6321999999999999,1.6950500000000002,37.53581661891118,SELL
2025-02-07 20:00:00,1.5994,1.6868500000000002,33.850129198966414,SELL
2025-02-07 21:00:00,1.5788,1.67715,32.658227848101276,SELL
2025-02-07 22:00:00,1.5652000000000001,1.66765,31.44329896907219,SELL
2025-02-07 23:00:00,1.5544,1.6603,29.815303430079155,SELL
2025-02-08 00:00:00,1.5466,1.65305,29.066666666666663,SELL
2025-02-08 01:00:00,1.5428,1.6443999999999999,20.75949367088606,SELL
2025-02-08 02:00:00,1.5468,1.6386500000000002,26.941747572815487,SELL
2025-02-08 03:00:00,1.5454,1.6321999999999999,18.911917098445585,SELL
2025-02-08 04:00:00,1.5370000000000001,1.6239000000000001,18.622448979591837,SELL
2025-02-08 05:00:00,1.5276,1.61405,22.188449848024305,SELL
2025-02-08 06:00:00,1.5257999999999998,1.6034,27.340823970037448,SELL
2025-02-08 07:00:00,1.5186,1.5915,30.120481927710813,SELL
2025-02-08 08:00:00,1.5116,1.5796499999999998,27.165354330708652,SELL
2025-02-08 09:00:00,1.5096,1.5664,31.349206349206327,SELL
2025-02-08 10:00:00,1.505,1.55285,39.50000000000003,SELL
2025-02-08 11:00:00,1.5050000000000001,1.54325,45.58823529411763,SELL
2025-02-08 12:00:00,1.5042,1.5371,40.83769633507847,SELL
2025-02-08 13:00:00,1.5074,1.5324,37.22222222222218,SELL
2025-02-08 14:00:00,1.509,1.5275,36.87150837988827,SELL
2025-02-08 15:00:00,1.5088000000000001,1.522,42.307692307692285,SELL
2025-02-08 16:00:00,1.5051999999999999,1.5197,28.46153846153848,SELL
2025-02-08 17:00:00,1.5056,1.5188000000000001,40.44117647058818,SELL
2025-02-08 18:00:00,1.5050000000000001,1.51735,47.19999999999994,SELL
2025-02-08 19:00:00,1.5071999999999999,1.5157,53.95683453237408,SELL
2025-02-08 20:00:00,1.5126000000000002,1.5135,54.347826086956545,SELL
2025-02-08 21:00:00,1.5196,1.5139,55.319148936170265,BUY
2025-02-08 22:00:00,1.5202,1.5121499999999999,54.16666666666668,BUY
2025-02-08 23:00:00,1.5231999999999999,1.5117999999999998,56.000000000000014,BUY
2025-02-09 00:00:00,1.5235999999999998,1.51235,63.04347826086953,BUY
2025-02-09 01:00:00,1.5276,1.5135,61.94029850746271,BUY
2025-02-09 02:00:00,1.5268,1.51415,54.9668874172186,BUY
2025-02-09 03:00:00,1.5426,1.5181499999999999,67.77251184834125,BUY
2025-02-09 04:00:00,1.5517999999999998,1.52185,62.38938053097348,BUY
2025-02-09 05:00:00,1.558,1.52445,65.88785046728977,BUY
2025-02-09 06:00:00,1.56,1.52725,63.51351351351349,BUY
2025-02-09 07:00:00,1.566,1.5293999999999999,60.48780487804882,BUY
2025-02-09 08:00:00,1.5544,1.5307,54.54545454545455,BUY
2025-02-09 09:00:00,1.543,1.5307499999999998,47.27272727272727,BUY
2025-02-09 10:00:00,1.5356,1.5311,50.909090909090914,BUY
2025-02-09 11:00:00,1.5299999999999998,1.5325499999999999,49.30875576036864,SELL
2025-02-09 12:00:00,1.5198,1.5330499999999998,47.55555555555553,SELL
2025-02-09 13:00:00,1.5046,1.5304499999999999,35.96837944664031,SELL
2025-02-09 14:00:00,1.4962,1.52855,39.552238805970184,SELL
2025-02-09 15:00:00,1.4937999999999998,1.52775,45.27027027027026,SELL
2025-02-09 16:00:00,1.4908,1.5271,47.51773049645389,SELL
2025-02-09 17:00:00,1.4891999999999999,1.52545,28.50877192982456,SELL
2025-02-09 18:00:00,1.4949999999999999,1.5241500000000001,29.816513761467874,SELL
2025-02-09 19:00:00,1.4942,1.5213,29.411764705882348,SELL
2025-02-09 20:00:00,1.4878,1.5188000000000001,34.09090909090911,SELL
2025-02-09 21:00:00,1.472,1.5132,27.30627306273061,SELL
2025-02-09 22:00:00,1.4684000000000001,1.51085,40.26845637583894,SELL
2025-02-09 23:00:00,1.4712,1.5063,47.2312703583062,SELL
2025-02-10 00:00:00,1.4826000000000001,1.504,50.458715596330286,SELL
2025-02-10 01:00:00,1.4812,1.4995999999999998,43.535620052770454,SELL
2025-02-10 02:00:00,1.4902000000000002,1.49575,46.218487394958,SELL
2025-02-10 03:00:00,1.4989999999999999,1.4941,58.65921787709496,BUY
2025-02-10 04:00:00,1.5021999999999998,1.49325,55.97667638483965,BUY
2025-02-10 05:00:00,1.4994,1.4931,50.16286644951142,BUY
2025-02-10 06:00:00,1.5084,1.4928000000000001,51.79153094462539,BUY
2025-02-10 07:00:00,1.5177999999999998,1.4927,54.76190476190474,BUY
2025-02-10 08:00:00,1.5182,1.4937,56.097560975609746,BUY
2025-02-10 09:00:00,1.5185999999999997,1.49675,58.54545454545454,BUY
2025-02-10 10:00:00,1.5193999999999999,1.4989,56.981132075471685,BUY
2025-02-10 11:00:00,1.5224,1.49995,72.92576419213977,BUY
2025-02-10 12:00:00,1.5184,1.4996,56.01851851851848,BUY
2025-02-10 13:00:00,1.5253999999999999,1.50275,61.382113821138226,BUY
2025-02-10 14:00:00,1.5274,1.5048499999999998,50.0,BUY
2025-02-10 15:00:00,1.5284,1.50745,62.43654822335023,BUY
2025-02-10 16:00:00,1.5297999999999998,1.51045,65.58139534883719,BUY
2025-02-10 17:00:00,1.5444,1.5177,63.54679802955667,BUY
2025-02-10 18:00:00,1.5508000000000002,1.52335,66.82242990654204,BUY
2025-02-10 19:00:00,1.5622,1.5276,66.51162790697668,BUY
2025-02-10 20:00:00,1.5756000000000001,1.5307,66.51162790697673,BUY
2025-02-10 21:00:00,1.5786,1.5348000000000002,57.085020242914986,BUY
2025-02-10 22:00:00,1.5766,1.5393000000000001,58.431372549019606,BUY
2025-02-10 23:00:00,1.5754,1.54245,61.85185185185182,BUY
2025-02-11 00:00:00,1.5874000000000001,1.5489000000000002,69.06906906906902,BUY
2025-02-11 01:00:00,1.6042,1.5569,70.23121387283231,BUY
2025-02-11 02:00:00,1.625,1.56395,74.31192660550454,BUY
2025-02-11 03:00:00,1.643,1.5706,67.62589928057548,BUY
2025-02-11 04:00:00,1.659,1.5776499999999998,75.96899224806195,BUY
2025-02-11 05:00:00,1.6646,1.5854000000000001,78.40909090909088,BUY
2025-02-11 06:00:00,1.6667999999999998,1.59375,77.90697674418603,BUY
2025-02-11 07:00:00,1.6702,1.6009,72.10300429184545,BUY
2025-02-11 08:00:00,1.6724,1.6091000000000002,66.66666666666663,BUY
2025-02-11 09:00:00,1.6682000000000001,1.6133499999999998,61.11111111111111,BUY
2025-02-11 10:00:00,1.6608,1.61875,59.12698412698408,BUY
2025-02-11 11:00:00,1.6545999999999998,1.6253,70.76271186440673,BUY
2025-02-11 12:00:00,1.6438,1.6294,61.38996138996137,BUY
2025-02-11 13:00:00,1.6258,1.6294499999999998,48.788927335640125,SELL
2025-02-11 14:00:00,1.6187999999999998,1.63035,42.41245136186773,SELL
2025-02-11 15:00:00,1.6114000000000002,1.63105,34.042553191489404,SELL
